iter	Logloss
0	0.6840615845
1	0.6746289673
2	0.6656160889
3	0.6571911621
4	0.6488149414
5	0.6407752075
6	0.6325150146
7	0.6246005249
8	0.6173189697
9	0.6100610962
10	0.6025651855
11	0.5953887939
12	0.5887145996
13	0.5823270874
14	0.5756265869
15	0.5689550171
16	0.5630264282
17	0.5572850342
18	0.5515922852
19	0.5461593628
20	0.5407330322
